Date,AMZN,TSLA,GOOG,sp500
02-01-2015,308.519989,219.309998,523.373108,2058.199951
05-01-2015,302.190002,210.089996,512.463013,2020.579956
06-01-2015,295.290009,211.279999,500.585632,2002.609985
07-01-2015,298.420013,210.949997,499.727997,2025.900024
08-01-2015,300.459991,210.619995,501.30368,2062.139893
09-01-2015,296.929993,206.660004,494.811493,2044.810059
12-01-2015,291.410004,202.210007,491.201416,2028.26001
13-01-2015,294.73999,204.25,494.821472,2023.030029
14-01-2015,293.269989,192.690002,499.498627,2011.27002
15-01-2015,286.950012,191.869995,500.416107,1992.670044
16-01-2015,290.73999,193.070007,506.688873,2019.420044
20-01-2015,289.440002,191.929993,505.512115,2022.550049
21-01-2015,297.25,196.570007,516.621643,2032.119995
22-01-2015,310.320007,201.619995,532.926819,2063.149902
23-01-2015,312.390015,201.289993,538.471619,2051.820068
26-01-2015,309.660004,206.550003,533.744629,2057.090088
27-01-2015,306.75,205.979996,517.210022,2029.550049
28-01-2015,303.910004,199.369995,508.603638,2002.160034
29-01-2015,311.779999,205.199997,509.26181,2021.25
30-01-2015,354.529999,203.600006,533.056519,1994.98999
02-02-2015,364.470001,210.940002,527.03302,2020.849976
03-02-2015,363.549988,218.360001,527.790955,2050.030029
04-02-2015,364.75,218.550003,521.328674,2041.51001
05-02-2015,373.890015,220.990005,526.135498,2062.52002
06-02-2015,374.279999,217.360001,529.546143,2055.469971
09-02-2015,370.559998,217.479996,526.384827,2046.73999
10-02-2015,373,216.289993,535.469849,2068.590088
11-02-2015,375.140015,212.800003,534.502502,2068.530029
12-02-2015,377.170013,202.880005,541.443481,2088.47998
13-02-2015,381.829987,203.770004,547.506836,2096.98999
17-02-2015,375.429993,204.350006,541.353699,2100.340088
18-02-2015,373.369995,204.460007,538.22229,2099.679932
19-02-2015,379,211.710007,541.383606,2097.449951
20-02-2015,383.660004,217.110001,537.474365,2110.300049
23-02-2015,380.140015,207.339996,530.453613,2109.659912
24-02-2015,378.589996,204.110001,534.622192,2115.47998
25-02-2015,385.369995,203.759995,542.38092,2113.860107
26-02-2015,384.799988,207.190002,553.959106,2110.73999
27-02-2015,380.160004,203.339996,556.871094,2104.5
02-03-2015,385.660004,197.330002,569.775696,2117.389893
03-03-2015,384.609985,199.559998,572.069397,2107.780029
04-03-2015,382.720001,202.440002,571.80011,2098.530029
05-03-2015,387.829987,200.630005,573.754761,2101.040039
06-03-2015,380.089996,193.880005,566.130676,2071.26001
09-03-2015,378.559998,190.880005,567.29248,2079.429932
10-03-2015,369.51001,190.320007,553.490417,2044.160034
11-03-2015,366.369995,193.740005,549.670898,2040.23999
12-03-2015,374.23999,191.070007,553.989014,2065.949951
13-03-2015,370.579987,188.679993,545.821472,2053.399902
16-03-2015,373.350006,195.699997,552.99176,2081.189941
17-03-2015,371.920013,194.729996,549.331787,2074.280029
18-03-2015,375.140015,200.710007,557.968079,2099.5
19-03-2015,373.23999,195.649994,556.462219,2089.27002
20-03-2015,378.48999,198.080002,558.825745,2108.100098
23-03-2015,375.109985,199.630005,557.279968,2104.419922
24-03-2015,374.089996,201.720001,568.628845,2091.5
25-03-2015,370.959991,194.300003,557.255066,2061.050049
26-03-2015,367.350006,190.410004,553.649963,2056.149902
27-03-2015,370.559998,185,546.838684,2061.02002
30-03-2015,374.589996,190.570007,550.518555,2086.23999
31-03-2015,372.100006,188.770004,546.499573,2067.889893
01-04-2015,370.26001,187.589996,541.074463,2059.689941
02-04-2015,372.25,191,534.063721,2066.959961
06-04-2015,377.040009,203.100006,535.295349,2080.620117
07-04-2015,374.410004,203.25,535.549622,2076.330078
08-04-2015,381.200012,207.669998,540.127075,2081.899902
09-04-2015,383.540009,210.089996,539.299377,2091.179932
10-04-2015,382.649994,210.899994,538.531433,2102.060059
13-04-2015,382.359985,209.779999,537.693787,2092.429932
14-04-2015,385.109985,207.460007,528.937805,2095.840088
15-04-2015,383.450012,207.830002,531.07196,2106.629883
16-04-2015,386.040009,206.699997,532.33844,2104.98999
17-04-2015,375.559998,206.789993,522.615173,2081.179932
20-04-2015,389.51001,205.270004,533.914124,2100.399902
21-04-2015,391.179993,209.410004,532.507996,2097.290039
22-04-2015,389.799988,219.440002,537.888245,2107.959961
23-04-2015,389.98999,218.600006,545.502319,2112.929932
24-04-2015,445.100006,218.429993,563.512878,2117.689941
27-04-2015,438.559998,231.550003,555.369995,2108.919922
28-04-2015,429.309998,230.479996,553.679993,2114.76001
29-04-2015,429.369995,232.449997,549.080017,2106.850098
30-04-2015,421.779999,226.050003,537.340027,2085.51001
01-05-2015,422.869995,226.029999,537.900024,2108.290039
04-05-2015,423.040009,230.509995,540.780029,2114.48999
05-05-2015,421.190002,232.949997,530.799988,2089.459961
06-05-2015,419.100006,230.429993,524.219971,2080.149902
07-05-2015,426.880005,236.800003,530.700012,2088
08-05-2015,433.690002,236.610001,538.219971,2116.100098
11-05-2015,432.850006,239.490005,535.700012,2105.330078
12-05-2015,431.019989,244.740005,529.039978,2099.120117
13-05-2015,426.869995,243.179993,529.619995,2098.47998
14-05-2015,432.279999,244.100006,538.400024,2121.100098
15-05-2015,426,248.839996,533.849976,2122.72998
18-05-2015,425.23999,248.75,532.299988,2129.199951
19-05-2015,421.709991,247.139999,537.359985,2127.830078
20-05-2015,423.859985,244.350006,539.27002,2125.850098
21-05-2015,431.630005,245.619995,542.51001,2130.820068
22-05-2015,427.630005,247.729996,540.109985,2126.060059
26-05-2015,425.470001,247.460007,532.320007,2104.199951
27-05-2015,431.420013,247.429993,539.789978,2123.47998
28-05-2015,426.570007,251.449997,539.780029,2120.790039
29-05-2015,429.230011,250.800003,532.109985,2107.389893
01-06-2015,430.920013,249.449997,533.98999,2111.72998
02-06-2015,430.98999,248.350006,539.179993,2109.600098
03-06-2015,436.589996,248.990005,540.309998,2114.070068
04-06-2015,430.779999,245.919998,536.700012,2095.840088
05-06-2015,426.950012,249.139999,533.330017,2092.830078
08-06-2015,423.5,256.290009,526.830017,2079.280029
09-06-2015,425.480011,256,526.690002,2080.149902
10-06-2015,430.769989,250.699997,536.690002,2105.199951
11-06-2015,432.970001,251.410004,534.609985,2108.860107
12-06-2015,429.920013,250.690002,532.330017,2094.110107
15-06-2015,423.670013,250.380005,527.200012,2084.429932
16-06-2015,427.26001,253.119995,528.150024,2096.290039
17-06-2015,427.809998,260.410004,529.26001,2100.439941
18-06-2015,439.390015,261.890015,536.72998,2121.23999
19-06-2015,434.920013,262.51001,536.690002,2109.98999
22-06-2015,436.290009,259.790009,538.190002,2122.850098
23-06-2015,445.98999,267.670013,540.47998,2124.199951
24-06-2015,440.839996,265.170013,537.840027,2108.580078
25-06-2015,440.100006,268.790009,535.22998,2102.310059
26-06-2015,438.100006,267.089996,531.690002,2101.48999
29-06-2015,429.859985,262.019989,521.52002,2057.639893
30-06-2015,434.089996,268.26001,520.51001,2063.110107
01-07-2015,437.390015,269.149994,521.840027,2077.419922
02-07-2015,437.709991,280.019989,523.400024,2076.780029
06-07-2015,436.040009,279.720001,522.859985,2068.76001
07-07-2015,436.720001,267.880005,525.02002,2081.340088
08-07-2015,429.700012,254.960007,516.830017,2046.680054
09-07-2015,434.390015,257.920013,520.679993,2051.310059
10-07-2015,443.51001,259.149994,530.130005,2076.620117
13-07-2015,455.570007,262.160004,546.549988,2099.600098
14-07-2015,465.570007,265.649994,561.099976,2108.949951
15-07-2015,461.190002,263.140015,560.219971,2107.399902
16-07-2015,475.480011,266.679993,579.849976,2124.290039
17-07-2015,483.01001,274.660004,672.929993,2126.639893
20-07-2015,488.100006,282.26001,663.02002,2128.280029
21-07-2015,488,266.769989,662.299988,2119.209961
22-07-2015,488.269989,267.869995,662.099976,2114.149902
23-07-2015,482.179993,267.200012,644.280029,2102.149902
24-07-2015,529.419983,265.410004,623.559998,2079.649902
27-07-2015,531.409973,253.009995,627.26001,2067.639893
28-07-2015,526.030029,264.820007,628,2093.25
29-07-2015,529,263.820007,631.929993,2108.570068
30-07-2015,536.76001,266.790009,632.590027,2108.629883
31-07-2015,536.150024,266.149994,625.609985,2103.840088
03-08-2015,535.030029,259.98999,631.210022,2098.040039
04-08-2015,531.900024,266.279999,629.25,2093.320068
05-08-2015,537.01001,270.130005,643.780029,2099.840088
06-08-2015,529.460022,246.130005,642.679993,2083.560059
07-08-2015,522.619995,242.509995,635.299988,2077.570068
10-08-2015,524,241.139999,633.72998,2104.179932
11-08-2015,527.460022,237.369995,660.780029,2084.070068
12-08-2015,525.909973,238.169998,659.559998,2086.050049
13-08-2015,529.659973,242.509995,656.450012,2083.389893
14-08-2015,531.52002,243.149994,657.119995,2091.540039
17-08-2015,535.219971,254.990005,660.869995,2102.439941
18-08-2015,535.02002,260.720001,656.130005,2096.919922
19-08-2015,532.919983,255.25,660.900024,2079.610107
20-08-2015,515.780029,242.179993,646.830017,2035.72998
21-08-2015,494.470001,230.770004,612.47998,1970.890015
24-08-2015,463.369995,218.869995,589.609985,1893.209961
25-08-2015,466.369995,220.029999,582.059998,1867.609985
26-08-2015,500.769989,224.839996,628.619995,1940.51001
27-08-2015,518.369995,242.990005,637.609985,1987.660034
28-08-2015,518.01001,248.479996,630.380005,1988.869995
31-08-2015,512.890015,249.059998,618.25,1972.180054
01-09-2015,496.540009,238.630005,597.789978,1913.849976
02-09-2015,510.549988,247.690002,614.340027,1948.859985
03-09-2015,504.720001,245.570007,606.25,1951.130005
04-09-2015,499,241.929993,600.700012,1921.219971
08-09-2015,517.539978,248.169998,614.659973,1969.410034
09-09-2015,516.890015,248.910004,612.719971,1942.040039
10-09-2015,522.23999,248.479996,621.349976,1952.290039
11-09-2015,529.440002,250.240005,625.77002,1961.050049
14-09-2015,521.380005,253.190002,623.23999,1953.030029
15-09-2015,522.369995,253.570007,635.140015,1978.089966
16-09-2015,527.390015,262.25,635.97998,1995.310059
17-09-2015,538.869995,262.070007,642.900024,1990.199951
18-09-2015,540.26001,260.619995,629.25,1958.030029
21-09-2015,548.390015,264.200012,635.440002,1966.969971
22-09-2015,538.400024,260.940002,622.690002,1942.73999
23-09-2015,536.070007,261.059998,622.359985,1938.76001
24-09-2015,533.75,263.119995,625.799988,1932.23999
25-09-2015,524.25,256.910004,611.969971,1931.339966
28-09-2015,504.059998,248.429993,594.890015,1881.77002
29-09-2015,496.070007,246.649994,594.969971,1884.089966
30-09-2015,511.890015,248.399994,608.419983,1920.030029
01-10-2015,520.719971,239.880005,611.289978,1923.819946
02-10-2015,532.539978,247.570007,626.909973,1951.359985
05-10-2015,543.679993,246.149994,641.469971,1987.050049
06-10-2015,537.47998,241.460007,645.440002,1979.920044
07-10-2015,541.940002,231.960007,642.359985,1995.829956
08-10-2015,533.159973,226.720001,639.159973,2013.430054
09-10-2015,539.799988,220.690002,643.609985,2014.890015
12-10-2015,550.190002,215.580002,646.669983,2017.459961
13-10-2015,548.900024,219.25,652.299988,2003.689941
14-10-2015,544.830017,216.880005,651.159973,1994.23999
15-10-2015,562.440002,221.309998,661.73999,2023.859985
16-10-2015,570.76001,227.009995,662.200012,2033.109985
19-10-2015,573.150024,228.100006,666.099976,2033.660034
20-10-2015,560.880005,213.029999,650.280029,2030.77002
21-10-2015,555.77002,210.089996,642.609985,2018.939941
22-10-2015,563.909973,211.720001,651.789978,2052.51001
23-10-2015,599.030029,209.089996,702,2075.149902
26-10-2015,608.609985,215.259995,712.780029,2071.179932
27-10-2015,611.01001,210.350006,708.48999,2065.889893
28-10-2015,617.099976,212.960007,712.950012,2090.350098
29-10-2015,626.549988,211.630005,716.919983,2089.409912
30-10-2015,625.900024,206.929993,710.809998,2079.360107
02-11-2015,628.349976,213.789993,721.109985,2104.050049
03-11-2015,625.309998,208.350006,722.159973,2109.790039
04-11-2015,640.950012,231.630005,728.109985,2102.310059
05-11-2015,655.650024,231.770004,731.25,2099.929932
06-11-2015,659.369995,232.360001,733.76001,2099.199951
09-11-2015,655.48999,225.330002,724.890015,2078.580078
10-11-2015,659.679993,216.5,728.320007,2081.719971
11-11-2015,673.25,219.080002,735.400024,2075
12-11-2015,665.599976,212.940002,731.22998,2045.969971
13-11-2015,642.349976,207.190002,717,2023.040039
16-11-2015,647.809998,214.309998,728.960022,2053.189941
17-11-2015,643.299988,214,725.299988,2050.439941
18-11-2015,663.539978,221.070007,740,2083.580078
19-11-2015,661.27002,221.800003,738.409973,2081.23999
20-11-2015,668.450012,220.009995,756.599976,2089.169922
23-11-2015,678.98999,217.75,755.97998,2086.590088
24-11-2015,671.150024,218.25,748.280029,2089.139893
25-11-2015,675.340027,229.639999,748.150024,2088.870117
27-11-2015,673.26001,231.610001,750.26001,2090.110107
30-11-2015,664.799988,230.259995,742.599976,2080.409912
01-12-2015,679.059998,237.190002,767.039978,2102.629883
02-12-2015,676.01001,231.990005,762.380005,2079.51001
03-12-2015,666.25,232.710007,752.539978,2049.620117
04-12-2015,672.640015,230.380005,766.809998,2091.689941
07-12-2015,669.830017,231.130005,763.25,2077.070068
08-12-2015,677.330017,226.720001,762.369995,2063.590088
09-12-2015,664.789978,224.520004,751.609985,2047.619995
10-12-2015,662.320007,227.070007,749.460022,2052.22998
11-12-2015,640.150024,217.020004,738.869995,2012.369995
14-12-2015,657.909973,218.580002,747.77002,2021.939941
15-12-2015,658.640015,221.089996,743.400024,2043.410034
16-12-2015,675.77002,234.509995,758.090027,2073.070068
17-12-2015,670.650024,233.389999,749.429993,2041.890015
18-12-2015,664.140015,230.460007,739.309998,2005.550049
21-12-2015,664.51001,232.559998,747.77002,2021.150024
22-12-2015,663.150024,229.949997,750,2038.969971
23-12-2015,663.700012,229.699997,750.309998,2064.290039
24-12-2015,662.789978,230.570007,748.400024,2060.98999
28-12-2015,675.200012,228.949997,762.51001,2056.5
29-12-2015,693.969971,237.190002,776.599976,2078.360107
30-12-2015,689.070007,238.089996,771,2063.360107
31-12-2015,675.890015,240.009995,758.880005,2043.939941
04-01-2016,636.98999,223.410004,741.840027,2012.660034
05-01-2016,633.789978,223.429993,742.580017,2016.709961
06-01-2016,632.650024,219.039993,743.619995,1990.26001
07-01-2016,607.940002,215.649994,726.390015,1943.089966
08-01-2016,607.049988,211,714.469971,1922.030029
11-01-2016,617.73999,207.850006,716.030029,1923.670044
12-01-2016,617.890015,209.970001,726.070007,1938.680054
13-01-2016,581.809998,200.309998,700.559998,1890.280029
14-01-2016,593,206.179993,714.719971,1921.839966
15-01-2016,570.179993,204.990005,694.450012,1880.329956
19-01-2016,574.47998,204.720001,701.789978,1881.329956
20-01-2016,571.77002,198.699997,698.450012,1859.329956
21-01-2016,575.02002,199.970001,706.590027,1868.98999
22-01-2016,596.380005,202.550003,725.25,1906.900024
25-01-2016,596.530029,196.380005,711.669983,1877.079956
26-01-2016,601.25,193.559998,713.039978,1903.630005
27-01-2016,583.349976,188.070007,699.98999,1882.949951
28-01-2016,635.349976,189.699997,730.960022,1893.359985
29-01-2016,587,191.199997,742.950012,1940.23999
01-02-2016,574.809998,196.940002,752,1939.380005
02-02-2016,552.099976,182.779999,764.650024,1903.030029
03-02-2016,531.070007,173.479996,726.950012,1912.530029
04-02-2016,536.26001,175.330002,708.01001,1915.449951
05-02-2016,502.130005,162.600006,683.570007,1880.050049
08-02-2016,488.100006,147.990005,682.73999,1853.439941
09-02-2016,482.070007,148.25,678.109985,1852.209961
10-02-2016,490.480011,143.669998,684.119995,1851.859985
11-02-2016,503.820007,150.470001,683.109985,1829.079956
12-02-2016,507.079987,151.039993,682.400024,1864.780029
16-02-2016,521.099976,155.169998,691,1895.579956
17-02-2016,534.099976,168.679993,708.400024,1926.819946
18-02-2016,525,166.770004,697.349976,1917.829956
19-02-2016,534.900024,166.580002,700.909973,1917.780029
22-02-2016,559.5,177.740005,706.460022,1945.5
23-02-2016,552.940002,177.210007,695.849976,1921.27002
24-02-2016,554.039978,179,699.559998,1929.800049
25-02-2016,555.150024,187.429993,705.75,1951.699951
26-02-2016,555.22998,190.339996,705.070007,1948.050049
29-02-2016,552.52002,191.929993,697.77002,1932.22998
01-03-2016,579.039978,186.350006,718.809998,1978.349976
02-03-2016,580.210022,188.339996,718.849976,1986.449951
03-03-2016,577.48999,195.740005,712.419983,1993.400024
04-03-2016,575.140015,201.039993,710.890015,1999.98999
07-03-2016,562.799988,205.289993,695.159973,2001.76001
08-03-2016,560.26001,202.600006,693.969971,1979.26001
09-03-2016,559.469971,208.720001,705.23999,1989.26001
10-03-2016,558.929993,205.179993,712.820007,1989.569946
11-03-2016,569.609985,207.5,726.820007,2022.189941
14-03-2016,573.369995,215.149994,730.48999,2019.640015
15-03-2016,577.02002,218.339996,728.330017,2015.930054
16-03-2016,574.27002,221.929993,736.090027,2027.219971
17-03-2016,559.440002,226.380005,737.780029,2040.589966
18-03-2016,552.080017,232.740005,737.599976,2049.580078
21-03-2016,553.97998,238.320007,742.090027,2051.600098
22-03-2016,560.47998,234.240005,740.75,2049.800049
23-03-2016,569.630005,222.580002,738.059998,2036.709961
24-03-2016,582.950012,227.75,735.299988,2035.939941
28-03-2016,579.869995,230.259995,733.530029,2037.050049
29-03-2016,593.859985,230.130005,744.77002,2055.01001
30-03-2016,598.690002,226.889999,750.530029,2063.949951
31-03-2016,593.640015,229.770004,744.950012,2059.73999
01-04-2016,598.5,237.589996,749.909973,2072.780029
04-04-2016,593.190002,246.990005,745.289978,2066.129883
05-04-2016,586.140015,255.470001,737.799988,2045.170044
06-04-2016,602.080017,265.420013,745.690002,2066.659912
07-04-2016,591.429993,257.200012,740.280029,2041.910034
08-04-2016,594.599976,250.070007,739.150024,2047.599976
11-04-2016,595.929993,249.919998,736.099976,2041.98999
12-04-2016,603.169983,247.820007,743.090027,2061.719971
13-04-2016,614.820007,254.529999,751.719971,2082.419922
14-04-2016,620.75,251.860001,753.200012,2082.780029
15-04-2016,625.890015,254.509995,759,2080.72998
18-04-2016,635.349976,253.880005,766.609985,2094.340088
19-04-2016,627.900024,247.369995,753.929993,2100.800049
20-04-2016,632.98999,249.970001,752.669983,2102.399902
21-04-2016,631,248.289993,759.140015,2091.47998
22-04-2016,620.5,253.75,718.77002,2091.580078
25-04-2016,626.200012,251.820007,723.150024,2087.790039
26-04-2016,616.880005,253.740005,708.140015,2091.699951
27-04-2016,606.570007,251.470001,705.840027,2095.149902
28-04-2016,602,247.710007,691.02002,2075.810059
29-04-2016,659.590027,240.759995,693.01001,2065.300049
02-05-2016,683.849976,241.800003,698.210022,2081.429932
03-05-2016,671.320007,232.320007,692.359985,2063.370117
04-05-2016,670.900024,222.559998,695.700012,2051.120117
05-05-2016,659.090027,211.529999,701.429993,2050.629883
06-05-2016,673.950012,214.929993,711.119995,2057.139893
09-05-2016,679.75,208.919998,712.900024,2058.689941
10-05-2016,703.070007,208.690002,723.179993,2084.389893
11-05-2016,713.22998,208.960007,715.289978,2064.459961
12-05-2016,717.929993,207.279999,713.309998,2064.110107
13-05-2016,709.919983,207.610001,710.830017,2046.609985
16-05-2016,710.659973,208.289993,716.48999,2066.659912
17-05-2016,695.27002,204.660004,706.22998,2047.209961
18-05-2016,697.450012,211.169998,706.630005,2047.630005
19-05-2016,698.52002,215.210007,700.320007,2040.040039
20-05-2016,702.799988,220.279999,709.73999,2052.320068
23-05-2016,696.75,216.220001,704.23999,2048.040039
24-05-2016,704.200012,217.910004,720.090027,2076.060059
25-05-2016,708.349976,219.580002,725.27002,2090.540039
26-05-2016,714.909973,225.119995,724.119995,2090.100098
27-05-2016,712.23999,223.039993,732.659973,2099.060059
31-05-2016,722.789978,223.229996,735.719971,2096.949951
01-06-2016,719.440002,219.559998,734.150024,2099.330078
02-06-2016,728.23999,218.960007,730.400024,2105.26001
03-06-2016,725.539978,218.990005,722.340027,2099.129883
06-06-2016,726.72998,220.679993,716.549988,2109.409912
07-06-2016,723.73999,232.339996,716.650024,2112.129883
08-06-2016,726.640015,235.520004,728.280029,2119.120117
09-06-2016,727.650024,229.360001,728.580017,2115.47998
10-06-2016,717.909973,218.789993,719.409973,2096.070068
13-06-2016,715.23999,217.869995,718.359985,2079.060059
14-06-2016,719.299988,214.960007,718.27002,2075.320068
15-06-2016,714.26001,217.699997,718.919983,2071.5
16-06-2016,717.51001,217.929993,710.359985,2077.98999
17-06-2016,706.390015,215.470001,691.719971,2071.219971
20-06-2016,714.01001,219.699997,693.710022,2083.25
21-06-2016,715.820007,219.610001,695.940002,2088.899902
22-06-2016,710.599976,196.660004,697.460022,2085.449951
23-06-2016,722.080017,196.399994,701.869995,2113.320068
24-06-2016,698.960022,193.149994,675.219971,2037.410034
27-06-2016,691.359985,198.550003,668.26001,2000.540039
28-06-2016,707.950012,201.789993,680.039978,2036.089966
29-06-2016,715.599976,210.190002,684.109985,2070.77002
30-06-2016,715.619995,212.279999,692.099976,2098.860107
01-07-2016,725.679993,216.5,699.210022,2102.949951
05-07-2016,728.099976,213.979996,694.950012,2088.550049
06-07-2016,737.609985,214.440002,697.77002,2099.72998
07-07-2016,736.570007,215.940002,695.359985,2097.899902
08-07-2016,745.809998,216.779999,705.630005,2129.899902
11-07-2016,753.780029,224.779999,715.090027,2137.159912
12-07-2016,748.210022,224.649994,720.640015,2152.139893
13-07-2016,742.630005,222.529999,716.97998,2152.429932
14-07-2016,741.200012,221.529999,720.950012,2163.75
15-07-2016,735.440002,220.399994,719.849976,2161.73999
18-07-2016,736.070007,226.25,733.780029,2166.889893
19-07-2016,739.950012,225.259995,736.960022,2163.780029
20-07-2016,745.719971,228.360001,741.190002,2173.02002
21-07-2016,744.429993,220.5,738.630005,2165.169922
22-07-2016,744.859985,222.270004,742.73999,2175.030029
25-07-2016,739.609985,230.009995,739.77002,2168.47998
26-07-2016,735.590027,229.509995,738.419983,2169.179932
27-07-2016,736.669983,228.490005,741.77002,2166.580078
28-07-2016,752.609985,230.610001,745.909973,2170.060059
29-07-2016,758.809998,234.789993,768.789978,2173.600098
01-08-2016,767.73999,230.009995,772.880005,2170.840088
02-08-2016,760.580017,227.199997,771.070007,2157.030029
03-08-2016,754.640015,225.789993,773.179993,2163.790039
04-08-2016,760.77002,230.610001,771.609985,2164.25
05-08-2016,765.97998,230.029999,782.219971,2182.870117
08-08-2016,766.559998,226.160004,781.76001,2180.889893
09-08-2016,768.309998,229.080002,784.26001,2181.73999
10-08-2016,768.559998,225.649994,784.679993,2175.48999
11-08-2016,771.23999,224.910004,784.849976,2185.790039
12-08-2016,772.559998,225.610001,783.219971,2184.050049
15-08-2016,768.48999,225.589996,782.440002,2190.149902
16-08-2016,764.039978,223.610001,777.140015,2178.149902
17-08-2016,764.630005,223.240005,779.909973,2182.219971
18-08-2016,764.460022,223.509995,777.5,2187.02002
19-08-2016,757.309998,225,775.419983,2183.870117
22-08-2016,759.47998,222.929993,772.150024,2182.639893
23-08-2016,762.450012,224.839996,772.080017,2186.899902
24-08-2016,757.25,222.619995,769.640015,2175.439941
25-08-2016,759.219971,220.960007,769.409973,2172.469971
26-08-2016,769,219.990005,769.539978,2169.040039
29-08-2016,771.289978,215.199997,772.150024,2180.379883
30-08-2016,767.580017,211.339996,769.090027,2176.120117
31-08-2016,769.159973,212.009995,767.049988,2170.949951
01-09-2016,770.619995,200.770004,768.780029,2170.860107
02-09-2016,772.440002,197.779999,771.460022,2179.97998
06-09-2016,788.869995,202.830002,780.080017,2186.47998
07-09-2016,784.47998,201.710007,780.349976,2186.159912
08-09-2016,784.059998,197.360001,775.320007,2181.300049
09-09-2016,760.140015,194.470001,759.659973,2127.810059
12-09-2016,771.48999,198.300003,769.02002,2159.040039
13-09-2016,761.01001,196.050003,759.690002,2127.02002
14-09-2016,761.090027,196.410004,762.48999,2125.77002
15-09-2016,769.690002,200.419998,771.76001,2147.26001
16-09-2016,778.52002,205.399994,768.880005,2139.159912
19-09-2016,775.099976,206.339996,765.700012,2139.120117
20-09-2016,780.219971,204.639999,771.409973,2139.76001
21-09-2016,789.73999,205.220001,776.219971,2163.120117
22-09-2016,804.700012,206.429993,787.210022,2177.179932
23-09-2016,805.75,207.449997,786.900024,2164.689941
26-09-2016,799.159973,208.990005,774.210022,2146.100098
27-09-2016,816.109985,205.809998,783.01001,2159.929932
28-09-2016,828.719971,206.270004,781.559998,2171.370117
29-09-2016,829.049988,200.699997,775.01001,2151.129883
30-09-2016,837.309998,204.029999,777.289978,2168.27002
03-10-2016,836.73999,213.699997,772.559998,2161.199951
04-10-2016,834.030029,211.410004,776.429993,2150.48999
05-10-2016,844.359985,208.460007,776.469971,2159.72998
06-10-2016,841.659973,201,776.859985,2160.77002
07-10-2016,839.429993,196.610001,775.080017,2153.73999
10-10-2016,841.710022,200.949997,785.940002,2163.659912
11-10-2016,831,200.100006,783.070007,2136.72998
12-10-2016,834.090027,201.509995,786.140015,2139.179932
13-10-2016,829.280029,200.240005,778.190002,2132.550049
14-10-2016,822.960022,196.509995,778.530029,2132.97998
17-10-2016,812.950012,193.960007,779.960022,2126.5
18-10-2016,817.650024,199.100006,795.26001,2139.600098
19-10-2016,817.690002,203.559998,801.5,2144.290039
20-10-2016,810.320007,199.100006,796.969971,2141.340088
21-10-2016,818.98999,200.089996,799.369995,2141.159912
24-10-2016,838.090027,202.759995,813.109985,2151.330078
25-10-2016,835.179993,202.339996,807.669983,2143.159912
26-10-2016,822.590027,202.240005,799.070007,2139.429932
27-10-2016,818.359985,204.009995,795.349976,2133.040039
28-10-2016,776.320007,199.970001,795.369995,2126.409912
31-10-2016,789.820007,197.729996,784.539978,2126.149902
01-11-2016,785.409973,190.789993,783.609985,2111.719971
02-11-2016,765.559998,188.020004,768.700012,2097.939941
03-11-2016,767.030029,187.419998,762.130005,2088.659912
04-11-2016,755.049988,190.559998,762.02002,2085.179932
07-11-2016,784.929993,193.210007,782.52002,2131.52002
08-11-2016,787.75,194.940002,790.51001,2139.560059
09-11-2016,771.880005,190.059998,785.309998,2163.26001
10-11-2016,742.380005,185.350006,762.559998,2167.47998
11-11-2016,739.01001,188.559998,754.02002,2164.449951
14-11-2016,719.070007,181.449997,736.080017,2164.199951
15-11-2016,743.23999,183.770004,758.48999,2180.389893
16-11-2016,746.48999,183.929993,764.47998,2176.939941
17-11-2016,756.400024,188.660004,771.22998,2187.120117
18-11-2016,760.159973,185.020004,760.539978,2181.899902
21-11-2016,780,184.520004,769.200012,2198.179932
22-11-2016,785.330017,191.169998,768.27002,2202.939941
23-11-2016,780.119995,193.139999,760.98999,2204.719971
25-11-2016,780.369995,196.649994,761.679993,2213.350098
28-11-2016,766.77002,196.119995,768.23999,2201.719971
29-11-2016,762.52002,189.570007,770.840027,2204.659912
30-11-2016,750.570007,189.399994,758.039978,2198.810059
01-12-2016,743.650024,181.880005,747.919983,2191.080078
02-12-2016,740.340027,181.470001,750.5,2191.949951
05-12-2016,759.359985,186.800003,762.52002,2204.709961
06-12-2016,764.719971,185.850006,759.109985,2212.22998
07-12-2016,770.419983,193.149994,771.190002,2241.350098
08-12-2016,767.330017,192.289993,776.419983,2246.189941
09-12-2016,768.659973,192.179993,789.289978,2259.530029
12-12-2016,760.119995,192.429993,789.27002,2256.959961
13-12-2016,774.340027,198.149994,796.099976,2271.719971
14-12-2016,768.820007,198.690002,797.070007,2253.280029
15-12-2016,761,197.580002,797.849976,2262.030029
16-12-2016,757.77002,202.490005,790.799988,2258.070068
19-12-2016,766,202.729996,794.200012,2262.530029
20-12-2016,771.219971,208.789993,796.419983,2270.76001
21-12-2016,770.599976,207.699997,794.559998,2265.179932
22-12-2016,766.340027,208.449997,791.26001,2260.959961
23-12-2016,760.590027,213.339996,789.909973,2263.790039
27-12-2016,771.400024,219.529999,791.549988,2268.879883
28-12-2016,772.130005,219.740005,785.049988,2249.919922
29-12-2016,765.150024,214.679993,782.789978,2249.26001
30-12-2016,749.869995,213.690002,771.820007,2238.830078
03-01-2017,753.669983,216.990005,786.140015,2257.830078
04-01-2017,757.179993,226.990005,786.900024,2270.75
05-01-2017,780.450012,226.75,794.02002,2269
06-01-2017,795.98999,229.009995,806.150024,2276.97998
09-01-2017,796.919983,231.279999,806.650024,2268.899902
10-01-2017,795.900024,229.869995,804.789978,2268.899902
11-01-2017,799.02002,229.729996,807.909973,2275.320068
12-01-2017,813.640015,229.589996,806.359985,2270.439941
13-01-2017,817.140015,237.75,807.880005,2274.639893
17-01-2017,809.719971,235.580002,804.609985,2267.889893
18-01-2017,807.47998,238.360001,806.070007,2271.889893
19-01-2017,809.039978,243.759995,802.174988,2263.689941
20-01-2017,808.330017,244.729996,805.02002,2271.310059
23-01-2017,817.880005,248.919998,819.309998,2265.199951
24-01-2017,822.440002,254.610001,823.869995,2280.070068
25-01-2017,836.52002,254.470001,835.669983,2298.370117
26-01-2017,839.150024,252.509995,832.150024,2296.679932
27-01-2017,835.77002,252.949997,823.309998,2294.689941
30-01-2017,830.380005,250.630005,802.320007,2280.899902
31-01-2017,823.47998,251.929993,796.789978,2278.870117
01-02-2017,832.349976,249.240005,795.695007,2279.550049
02-02-2017,839.950012,251.550003,798.530029,2280.850098
03-02-2017,810.200012,251.330002,801.48999,2297.419922
06-02-2017,807.640015,257.769989,801.340027,2292.560059
07-02-2017,812.5,257.480011,806.969971,2293.080078
08-02-2017,819.710022,262.079987,808.380005,2294.669922
09-02-2017,821.359985,269.200012,809.559998,2307.870117
10-02-2017,827.460022,269.230011,813.669983,2316.100098
13-02-2017,836.530029,280.600006,819.23999,2328.25
14-02-2017,836.390015,280.980011,820.450012,2337.580078
15-02-2017,842.700012,279.76001,818.97998,2349.25
16-02-2017,844.140015,268.950012,824.159973,2347.219971
17-02-2017,845.070007,272.230011,828.070007,2351.159912
21-02-2017,856.440002,277.390015,831.659973,2365.379883
22-02-2017,855.609985,273.51001,830.76001,2362.820068
23-02-2017,852.190002,255.990005,831.330017,2363.810059
24-02-2017,845.23999,257,828.640015,2367.340088
27-02-2017,848.640015,246.229996,829.280029,2369.75
28-02-2017,845.039978,249.990005,823.210022,2363.639893
01-03-2017,853.080017,250.020004,835.23999,2395.959961
02-03-2017,848.909973,250.479996,830.630005,2381.919922
03-03-2017,849.880005,251.570007,829.080017,2383.120117
06-03-2017,846.609985,251.210007,827.780029,2375.310059
07-03-2017,846.02002,248.589996,831.909973,2368.389893
08-03-2017,850.5,246.869995,835.369995,2362.97998
09-03-2017,853,244.899994,838.679993,2364.870117
10-03-2017,852.460022,243.690002,843.25,2372.600098
13-03-2017,854.590027,246.169998,845.539978,2373.469971
14-03-2017,852.530029,258,845.619995,2365.449951
15-03-2017,852.969971,255.729996,847.200012,2385.26001
16-03-2017,853.419983,262.049988,848.780029,2381.379883
17-03-2017,852.309998,261.5,852.119995,2378.25
20-03-2017,856.969971,261.920013,848.400024,2373.469971
21-03-2017,843.200012,250.679993,830.460022,2344.02002
22-03-2017,848.059998,255.009995,829.590027,2348.449951
23-03-2017,847.380005,254.779999,817.580017,2345.959961
24-03-2017,845.609985,263.160004,814.429993,2343.97998
27-03-2017,846.820007,270.220001,819.51001,2341.590088
28-03-2017,856,277.450012,820.919983,2358.570068
29-03-2017,874.320007,277.380005,831.409973,2361.129883
30-03-2017,876.340027,277.920013,831.5,2368.060059
31-03-2017,886.539978,278.299988,829.559998,2362.719971
03-04-2017,891.51001,298.519989,838.549988,2358.840088
04-04-2017,906.830017,303.700012,834.570007,2360.159912
05-04-2017,909.280029,295,831.409973,2352.949951
06-04-2017,898.280029,298.700012,827.880005,2357.48999
07-04-2017,894.880005,302.540009,824.669983,2355.540039
10-04-2017,907.039978,312.390015,824.72998,2357.159912
11-04-2017,902.359985,308.709991,823.349976,2353.780029
12-04-2017,896.22998,296.839996,824.320007,2344.929932
13-04-2017,884.669983,304,823.559998,2328.949951
17-04-2017,901.98999,301.440002,837.169983,2349.01001
18-04-2017,903.780029,300.25,836.820007,2342.189941
19-04-2017,899.200012,305.519989,838.210022,2338.169922
20-04-2017,902.059998,302.51001,841.650024,2355.840088
21-04-2017,898.530029,305.600006,843.190002,2348.689941
24-04-2017,907.409973,308.029999,862.76001,2374.149902
25-04-2017,907.619995,313.790009,872.299988,2388.610107
26-04-2017,909.289978,310.170013,871.72998,2387.449951
27-04-2017,918.380005,308.630005,874.25,2388.77002
28-04-2017,924.98999,314.070007,905.960022,2384.199951
01-05-2017,948.22998,322.829987,912.570007,2388.330078
02-05-2017,946.940002,318.890015,916.440002,2391.169922
03-05-2017,941.030029,311.019989,927.039978,2388.129883
04-05-2017,937.530029,295.459991,931.659973,2389.52002
05-05-2017,934.150024,308.350006,927.130005,2399.290039
08-05-2017,949.039978,307.190002,934.299988,2399.379883
09-05-2017,952.820007,321.26001,932.169983,2396.919922
10-05-2017,948.950012,325.220001,928.780029,2399.629883
11-05-2017,947.619995,323.100006,930.599976,2394.439941
12-05-2017,961.349976,324.809998,932.219971,2390.899902
15-05-2017,957.969971,315.880005,937.080017,2402.320068
16-05-2017,966.070007,317.01001,943,2400.669922
17-05-2017,944.76001,306.109985,919.619995,2357.030029
18-05-2017,958.48999,313.059998,930.23999,2365.719971
19-05-2017,959.840027,310.829987,934.01001,2381.72998
22-05-2017,970.669983,310.350006,941.859985,2394.02002
23-05-2017,971.539978,303.859985,948.820007,2398.419922
24-05-2017,980.349976,310.220001,954.960022,2404.389893
25-05-2017,993.380005,316.829987,969.539978,2415.070068
26-05-2017,995.780029,325.140015,971.469971,2415.820068
30-05-2017,996.700012,335.100006,975.880005,2412.909912
31-05-2017,994.619995,341.01001,964.859985,2411.800049
01-06-2017,995.950012,340.369995,966.950012,2430.060059
02-06-2017,1006.72998,339.850006,975.599976,2439.070068
05-06-2017,1011.340027,347.320007,983.679993,2436.100098
06-06-2017,1003,352.850006,976.570007,2429.330078
07-06-2017,1010.070007,359.649994,980.940002,2433.139893
08-06-2017,1010.27002,370,983.409973,2433.790039
09-06-2017,978.309998,357.320007,949.830017,2431.77002
12-06-2017,964.909973,359.01001,942.900024,2429.389893
13-06-2017,980.789978,375.950012,953.400024,2440.350098
14-06-2017,976.469971,380.660004,950.76001,2437.919922
15-06-2017,964.169983,375.339996,942.309998,2432.459961
16-06-2017,987.710022,371.399994,939.780029,2433.149902
19-06-2017,995.169983,369.799988,957.369995,2453.459961
20-06-2017,992.590027,372.23999,950.630005,2437.030029
21-06-2017,1002.22998,376.399994,959.450012,2435.610107
22-06-2017,1001.299988,382.609985,957.090027,2434.5
23-06-2017,1003.73999,383.450012,965.590027,2438.300049
26-06-2017,993.97998,377.48999,952.27002,2439.070068
27-06-2017,976.780029,362.369995,927.330017,2419.379883
28-06-2017,990.330017,371.23999,940.48999,2440.689941
29-06-2017,975.929993,360.75,917.789978,2419.699951
30-06-2017,968,361.609985,908.72998,2423.409912
03-07-2017,953.659973,352.619995,898.700012,2429.01001
05-07-2017,971.400024,327.089996,911.710022,2432.540039
06-07-2017,965.140015,308.829987,906.690002,2409.75
07-07-2017,978.76001,313.220001,918.590027,2425.179932
10-07-2017,996.469971,316.049988,928.799988,2427.429932
11-07-2017,994.130005,327.220001,930.090027,2425.530029
12-07-2017,1006.51001,329.519989,943.830017,2443.25
13-07-2017,1000.630005,323.410004,947.159973,2447.830078
14-07-2017,1001.809998,327.779999,955.98999,2459.27002
17-07-2017,1010.039978,319.570007,953.419983,2459.139893
18-07-2017,1024.449951,328.23999,965.400024,2460.610107
19-07-2017,1026.869995,325.26001,970.890015,2473.830078
20-07-2017,1028.699951,329.920013,968.150024,2473.449951
21-07-2017,1025.670044,328.399994,972.919983,2472.540039
24-07-2017,1038.949951,342.519989,980.340027,2469.909912
25-07-2017,1039.869995,339.600006,950.700012,2477.129883
26-07-2017,1052.800049,343.850006,947.799988,2477.830078
27-07-2017,1046,334.459991,934.090027,2475.419922
28-07-2017,1020.039978,335.070007,941.530029,2472.100098
31-07-2017,987.780029,323.470001,930.5,2470.300049
01-08-2017,996.190002,319.570007,930.830017,2476.350098
02-08-2017,995.890015,325.890015,930.390015,2477.570068
03-08-2017,986.919983,347.089996,923.650024,2472.159912
04-08-2017,987.580017,356.910004,927.960022,2476.830078
07-08-2017,992.27002,355.170013,929.359985,2480.909912
08-08-2017,989.840027,365.220001,926.789978,2474.919922
09-08-2017,982.01001,363.529999,922.900024,2474.02002
10-08-2017,956.919983,355.399994,907.23999,2438.209961
11-08-2017,967.98999,357.869995,914.390015,2441.320068
14-08-2017,983.299988,363.799988,922.669983,2465.840088
15-08-2017,982.73999,362.329987,922.219971,2464.610107
16-08-2017,978.179993,362.910004,926.960022,2468.110107
17-08-2017,960.570007,351.920013,910.97998,2430.01001
18-08-2017,958.469971,347.459991,910.669983,2425.550049
21-08-2017,953.289978,337.859985,906.659973,2428.370117
22-08-2017,966.900024,341.350006,924.690002,2452.51001
23-08-2017,958,352.769989,927,2444.040039
24-08-2017,952.450012,352.929993,921.280029,2438.969971
25-08-2017,945.26001,348.049988,915.890015,2443.050049
28-08-2017,946.02002,345.660004,913.809998,2444.23999
29-08-2017,954.059998,347.359985,921.289978,2446.300049
30-08-2017,967.590027,353.179993,929.570007,2457.590088
31-08-2017,980.599976,355.899994,939.330017,2471.649902
01-09-2017,978.25,355.399994,937.340027,2476.550049
05-09-2017,965.27002,349.589996,928.450012,2457.850098
06-09-2017,967.799988,344.529999,927.809998,2465.540039
07-09-2017,979.469971,350.609985,935.950012,2465.100098
08-09-2017,965.900024,343.399994,926.5,2461.429932
11-09-2017,977.960022,363.690002,929.080017,2488.110107
12-09-2017,982.580017,362.75,932.070007,2496.47998
13-09-2017,999.599976,366.230011,935.090027,2498.370117
14-09-2017,992.210022,377.640015,925.109985,2495.620117
15-09-2017,986.789978,379.809998,920.289978,2500.22998
18-09-2017,974.190002,385,915,2503.870117
19-09-2017,969.859985,375.100006,921.809998,2506.649902
20-09-2017,973.210022,373.910004,931.580017,2508.23999
21-09-2017,964.650024,366.480011,932.450012,2500.600098
22-09-2017,955.099976,351.089996,928.530029,2502.219971
25-09-2017,939.789978,344.98999,920.969971,2496.659912
26-09-2017,938.599976,345.25,924.859985,2496.840088
27-09-2017,950.869995,340.970001,944.48999,2507.040039
28-09-2017,956.400024,339.600006,949.5,2510.060059
29-09-2017,961.349976,341.100006,959.109985,2519.360107
02-10-2017,959.190002,341.529999,953.27002,2529.120117
03-10-2017,957.099976,348.140015,957.789978,2534.580078
04-10-2017,965.450012,355.01001,951.679993,2537.73999
05-10-2017,980.849976,355.329987,969.960022,2552.070068
06-10-2017,989.580017,356.880005,978.890015,2549.330078
09-10-2017,990.98999,342.940002,977,2544.72998
10-10-2017,987.200012,355.589996,972.599976,2550.639893
11-10-2017,995,354.600006,989.25,2555.23999
12-10-2017,1000.929993,355.679993,987.830017,2550.929932
13-10-2017,1002.940002,355.570007,989.679993,2553.169922
16-10-2017,1006.340027,350.600006,992,2557.639893
17-10-2017,1009.130005,355.75,992.179993,2559.360107
18-10-2017,997,359.649994,992.809998,2561.26001
19-10-2017,986.609985,351.809998,984.450012,2562.100098
20-10-2017,982.909973,345.100006,988.200012,2575.209961
23-10-2017,966.299988,337.019989,968.450012,2564.97998
24-10-2017,975.900024,337.339996,970.539978,2569.129883
25-10-2017,972.909973,325.839996,973.330017,2557.149902
26-10-2017,972.429993,326.170013,972.559998,2560.399902
27-10-2017,1100.949951,320.869995,1019.27002,2581.070068
30-10-2017,1110.849976,320.079987,1017.109985,2572.830078
31-10-2017,1105.280029,331.529999,1016.640015,2575.26001
01-11-2017,1103.680054,321.079987,1025.5,2579.360107
02-11-2017,1094.219971,299.26001,1025.579956,2579.850098
03-11-2017,1111.599976,306.089996,1032.47998,2587.840088
06-11-2017,1120.660034,302.779999,1025.900024,2591.129883
07-11-2017,1123.170044,306.049988,1033.329956,2590.639893
08-11-2017,1132.880005,304.390015,1039.849976,2594.379883
09-11-2017,1129.130005,302.98999,1031.26001,2584.620117
10-11-2017,1125.349976,302.98999,1028.069946,2582.300049
13-11-2017,1129.170044,315.399994,1025.75,2584.840088
14-11-2017,1136.839966,308.700012,1026,2578.870117
15-11-2017,1126.689941,311.299988,1020.909973,2564.620117
16-11-2017,1137.290039,312.5,1032.5,2585.639893
17-11-2017,1129.880005,315.049988,1019.090027,2578.850098
20-11-2017,1126.310059,308.73999,1018.380005,2582.139893
21-11-2017,1139.48999,317.809998,1034.48999,2599.030029
22-11-2017,1156.160034,312.600006,1035.959961,2597.080078
24-11-2017,1186,315.549988,1040.609985,2602.419922
27-11-2017,1195.829956,316.809998,1054.209961,2601.419922
28-11-2017,1193.599976,317.549988,1047.410034,2627.040039
29-11-2017,1161.27002,307.540009,1021.659973,2626.070068
30-11-2017,1176.75,308.850006,1021.409973,2647.580078
01-12-2017,1162.349976,306.529999,1010.169983,2642.219971
04-12-2017,1133.949951,305.200012,998.679993,2639.439941
05-12-2017,1141.569946,303.700012,1005.150024,2629.570068
06-12-2017,1152.349976,313.26001,1018.380005,2629.27002
07-12-2017,1159.790039,311.23999,1030.930054,2636.97998
08-12-2017,1162,315.130005,1037.050049,2651.5
11-12-2017,1168.920044,328.910004,1041.099976,2659.98999
12-12-2017,1165.079956,341.029999,1040.47998,2664.110107
13-12-2017,1164.130005,339.029999,1040.609985,2662.850098
14-12-2017,1174.26001,337.890015,1049.150024,2652.01001
15-12-2017,1179.140015,343.450012,1064.189941,2675.810059
18-12-2017,1190.579956,338.869995,1077.140015,2690.159912
19-12-2017,1187.380005,331.100006,1070.680054,2681.469971
20-12-2017,1177.619995,328.980011,1064.949951,2679.25
21-12-2017,1174.76001,331.660004,1063.630005,2684.570068
22-12-2017,1168.359985,325.200012,1060.119995,2683.340088
26-12-2017,1176.76001,317.290009,1056.73999,2680.5
27-12-2017,1182.26001,311.640015,1049.369995,2682.620117
28-12-2017,1186.099976,315.359985,1048.140015,2687.540039
29-12-2017,1169.469971,311.350006,1046.400024,2673.610107
02-01-2018,1189.01001,320.529999,1065,2695.810059
03-01-2018,1204.199951,317.25,1082.47998,2713.060059
04-01-2018,1209.589966,314.619995,1086.400024,2723.98999
05-01-2018,1229.140015,316.579987,1102.22998,2743.149902
08-01-2018,1246.869995,336.410004,1106.939941,2747.709961
09-01-2018,1252.699951,333.690002,1106.26001,2751.290039
10-01-2018,1254.329956,334.799988,1102.609985,2748.22998
11-01-2018,1276.680054,337.950012,1105.52002,2767.560059
12-01-2018,1305.199951,336.220001,1122.26001,2786.23999
16-01-2018,1304.859985,340.059998,1121.76001,2776.419922
17-01-2018,1295,347.160004,1131.97998,2802.560059
18-01-2018,1293.319946,344.570007,1129.790039,2798.030029
19-01-2018,1294.579956,350.019989,1137.51001,2810.300049
22-01-2018,1327.310059,351.559998,1155.810059,2832.969971
23-01-2018,1362.540039,352.790009,1169.969971,2839.129883
24-01-2018,1357.51001,345.890015,1164.23999,2837.540039
25-01-2018,1377.949951,337.640015,1170.369995,2839.25
26-01-2018,1402.050049,342.850006,1175.839966,2872.870117
29-01-2018,1417.680054,349.529999,1175.579956,2853.530029
30-01-2018,1437.819946,345.820007,1163.689941,2822.429932
31-01-2018,1450.890015,354.309998,1169.939941,2823.810059
01-02-2018,1390,349.25,1167.699951,2821.97998
02-02-2018,1429.949951,343.75,1111.900024,2762.129883
05-02-2018,1390,333.130005,1055.800049,2648.939941
06-02-2018,1442.839966,333.970001,1080.599976,2695.139893
07-02-2018,1416.780029,345,1048.579956,2681.659912
08-02-2018,1350.5,315.230011,1001.52002,2581
09-02-2018,1339.599976,310.420013,1037.780029,2619.550049
12-02-2018,1386.22998,315.730011,1051.939941,2656
13-02-2018,1414.51001,323.660004,1052.099976,2662.939941
14-02-2018,1451.050049,322.309998,1069.699951,2698.629883
15-02-2018,1461.76001,334.070007,1089.52002,2731.199951
16-02-2018,1448.689941,335.48999,1094.800049,2732.219971
20-02-2018,1468.349976,334.769989,1102.459961,2716.26001
21-02-2018,1482.920044,333.299988,1111.339966,2701.330078
22-02-2018,1485.339966,346.170013,1106.630005,2703.959961
23-02-2018,1500,352.049988,1126.790039,2747.300049
26-02-2018,1521.949951,357.420013,1143.75,2779.600098
27-02-2018,1511.97998,350.98999,1118.290039,2744.280029
28-02-2018,1512.449951,343.059998,1104.72998,2713.830078
01-03-2018,1493.449951,330.929993,1069.52002,2677.669922
02-03-2018,1500.25,335.119995,1078.920044,2691.25
05-03-2018,1523.609985,333.350006,1090.930054,2720.939941
06-03-2018,1537.640015,328.200012,1095.060059,2728.120117
07-03-2018,1545,332.299988,1109.640015,2726.800049
08-03-2018,1551.859985,329.100006,1126,2738.969971
09-03-2018,1578.890015,327.170013,1160.040039,2786.570068
12-03-2018,1598.390015,345.51001,1164.5,2783.02002
13-03-2018,1588.180054,341.839996,1138.170044,2765.310059
14-03-2018,1591,326.630005,1149.48999,2749.47998
15-03-2018,1582.319946,325.600006,1149.579956,2747.330078
16-03-2018,1571.680054,321.350006,1135.72998,2752.01001
19-03-2018,1544.930054,313.559998,1099.819946,2712.919922
20-03-2018,1586.51001,310.549988,1097.709961,2716.939941
21-03-2018,1581.859985,316.529999,1090.880005,2711.929932
22-03-2018,1544.920044,309.100006,1049.079956,2643.689941
23-03-2018,1495.560059,301.540009,1021.570007,2588.26001
26-03-2018,1555.859985,304.179993,1053.209961,2658.550049
27-03-2018,1497.050049,279.179993,1005.099976,2612.620117
28-03-2018,1431.420044,257.779999,1004.559998,2605
29-03-2018,1447.339966,266.130005,1031.790039,2640.870117
02-04-2018,1371.98999,252.479996,1006.469971,2581.879883
03-04-2018,1392.050049,267.529999,1013.409973,2614.449951
04-04-2018,1410.569946,286.940002,1025.140015,2644.689941
05-04-2018,1451.75,305.720001,1027.810059,2662.840088
06-04-2018,1405.22998,299.299988,1007.039978,2604.469971
09-04-2018,1406.079956,289.660004,1015.450012,2613.159912
10-04-2018,1436.219971,304.700012,1031.640015,2656.870117
11-04-2018,1427.050049,300.929993,1019.969971,2642.189941
12-04-2018,1448.5,294.079987,1032.51001,2663.98999
13-04-2018,1430.790039,300.339996,1029.27002,2656.300049
16-04-2018,1441.5,291.209991,1037.97998,2677.840088
17-04-2018,1503.829956,287.690002,1074.160034,2706.389893
18-04-2018,1527.839966,293.350006,1072.079956,2708.639893
19-04-2018,1556.910034,300.079987,1087.699951,2693.129883
20-04-2018,1527.48999,290.23999,1072.959961,2670.139893
23-04-2018,1517.859985,283.369995,1067.449951,2670.290039
24-04-2018,1460.089966,283.459991,1019.97998,2634.560059
25-04-2018,1460.170044,280.690002,1021.179993,2639.399902
26-04-2018,1517.959961,285.480011,1040.040039,2666.939941
27-04-2018,1572.619995,294.079987,1030.050049,2669.909912
30-04-2018,1566.130005,293.899994,1017.330017,2648.050049
01-05-2018,1582.26001,299.920013,1037.310059,2654.800049
02-05-2018,1569.680054,301.149994,1024.380005,2635.669922
03-05-2018,1572.079956,284.450012,1023.719971,2629.72998
04-05-2018,1580.949951,294.089996,1048.209961,2663.419922
07-05-2018,1600.140015,302.769989,1054.790039,2672.629883
08-05-2018,1592.390015,301.970001,1053.910034,2671.919922
09-05-2018,1608,306.850006,1082.76001,2697.790039
10-05-2018,1609.079956,305.019989,1097.569946,2723.070068
11-05-2018,1602.910034,301.059998,1098.26001,2727.719971
14-05-2018,1601.540039,291.970001,1100.199951,2730.129883
15-05-2018,1576.119995,284.179993,1079.22998,2711.449951
16-05-2018,1587.280029,286.480011,1081.77002,2722.459961
17-05-2018,1581.76001,284.540009,1078.589966,2720.129883
18-05-2018,1574.369995,276.820007,1066.359985,2712.969971
21-05-2018,1585.459961,284.48999,1079.579956,2733.01001
22-05-2018,1581.400024,275.01001,1069.72998,2724.439941
23-05-2018,1601.859985,279.070007,1079.689941,2733.290039
24-05-2018,1603.069946,277.850006,1079.23999,2727.76001
25-05-2018,1610.150024,278.850006,1075.660034,2721.330078
29-05-2018,1612.869995,283.76001,1060.319946,2689.860107
30-05-2018,1624.890015,291.720001,1067.800049,2724.01001
31-05-2018,1629.619995,284.730011,1084.98999,2705.27002
01-06-2018,1641.540039,291.820007,1119.5,2734.620117
04-06-2018,1665.27002,296.73999,1139.290039,2746.870117
05-06-2018,1696.349976,291.130005,1139.660034,2748.800049
06-06-2018,1695.75,319.5,1136.880005,2772.350098
07-06-2018,1689.300049,316.089996,1123.859985,2770.370117
08-06-2018,1683.98999,317.660004,1120.869995,2779.030029
11-06-2018,1689.119995,332.100006,1129.98999,2782
12-06-2018,1698.75,342.769989,1139.319946,2786.850098
13-06-2018,1704.859985,344.779999,1134.790039,2775.629883
14-06-2018,1723.859985,357.720001,1152.119995,2782.48999
15-06-2018,1715.969971,358.170013,1152.26001,2779.659912
18-06-2018,1723.790039,370.829987,1173.459961,2773.75
19-06-2018,1734.780029,352.549988,1168.060059,2762.590088
20-06-2018,1750.079956,362.220001,1169.839966,2767.320068
21-06-2018,1730.219971,347.51001,1157.660034,2749.76001
22-06-2018,1715.670044,333.630005,1155.47998,2754.879883
25-06-2018,1663.150024,333.01001,1124.810059,2717.070068
26-06-2018,1691.089966,342,1118.459961,2723.060059
27-06-2018,1660.51001,344.5,1103.97998,2699.629883
28-06-2018,1701.449951,349.929993,1114.219971,2716.310059
29-06-2018,1699.800049,342.950012,1115.650024,2718.370117
02-07-2018,1713.780029,335.070007,1127.459961,2726.709961
03-07-2018,1693.959961,310.859985,1102.890015,2713.219971
05-07-2018,1699.72998,309.160004,1124.27002,2736.610107
06-07-2018,1710.630005,308.899994,1140.170044,2759.820068
09-07-2018,1739.02002,318.51001,1154.050049,2784.169922
10-07-2018,1743.069946,322.470001,1152.839966,2793.840088
11-07-2018,1755,318.959991,1153.900024,2774.02002
12-07-2018,1796.619995,316.709991,1183.47998,2798.290039
13-07-2018,1813.030029,318.869995,1188.819946,2801.310059
16-07-2018,1822.48999,310.100006,1183.859985,2798.429932
17-07-2018,1843.930054,322.690002,1198.800049,2809.550049
18-07-2018,1842.920044,323.850006,1195.880005,2815.620117
19-07-2018,1812.969971,320.230011,1186.959961,2804.48999
20-07-2018,1813.699951,313.579987,1184.910034,2801.830078
23-07-2018,1802,303.200012,1205.5,2806.97998
24-07-2018,1829.23999,297.429993,1248.079956,2820.399902
25-07-2018,1863.609985,308.73999,1263.699951,2846.070068
26-07-2018,1808,306.649994,1268.329956,2837.439941
27-07-2018,1817.27002,297.179993,1238.5,2818.820068
30-07-2018,1779.219971,290.170013,1219.73999,2802.600098
31-07-2018,1777.439941,298.140015,1217.26001,2816.290039
01-08-2018,1797.170044,300.839996,1220.01001,2813.360107
02-08-2018,1834.329956,349.540009,1226.150024,2827.219971
03-08-2018,1823.290039,348.170013,1223.709961,2840.350098
06-08-2018,1847.75,341.98999,1224.77002,2850.399902
07-08-2018,1862.47998,379.570007,1242.219971,2858.449951
08-08-2018,1886.52002,370.339996,1245.609985,2857.699951
09-08-2018,1898.52002,352.450012,1249.099976,2853.580078
10-08-2018,1886.300049,355.48999,1237.609985,2833.280029
13-08-2018,1896.199951,356.410004,1235.01001,2821.929932
14-08-2018,1919.650024,347.640015,1242.099976,2839.959961
15-08-2018,1882.619995,338.690002,1214.380005,2818.370117
16-08-2018,1886.52002,335.450012,1206.48999,2840.689941
17-08-2018,1882.219971,305.5,1200.959961,2850.129883
20-08-2018,1876.709961,308.440002,1207.77002,2857.050049
21-08-2018,1883.420044,321.899994,1201.619995,2862.959961
22-08-2018,1904.900024,321.640015,1207.329956,2861.820068
23-08-2018,1902.900024,320.100006,1205.380005,2856.97998
24-08-2018,1905.390015,322.820007,1220.650024,2874.689941
27-08-2018,1927.680054,319.269989,1241.819946,2896.73999
28-08-2018,1932.819946,311.859985,1231.150024,2897.52002
29-08-2018,1998.099976,305.01001,1249.300049,2914.040039
30-08-2018,2002.380005,303.149994,1239.119995,2901.129883
31-08-2018,2012.709961,301.660004,1218.189941,2901.52002
04-09-2018,2039.51001,288.950012,1197,2896.719971
05-09-2018,1994.819946,280.73999,1186.47998,2888.600098
06-09-2018,1958.310059,280.950012,1171.439941,2878.050049
07-09-2018,1952.069946,263.23999,1164.829956,2871.679932
10-09-2018,1939.01001,285.5,1164.640015,2877.129883
11-09-2018,1987.150024,279.440002,1177.359985,2887.889893
12-09-2018,1990,290.540009,1162.819946,2888.919922
13-09-2018,1989.869995,289.459991,1175.329956,2904.179932
14-09-2018,1970.189941,295.200012,1172.530029,2904.97998
17-09-2018,1908.030029,294.839996,1156.050049,2888.800049
18-09-2018,1941.050049,284.959991,1161.219971,2904.310059
19-09-2018,1926.420044,299.019989,1171.089966,2907.949951
20-09-2018,1944.300049,298.329987,1186.869995,2930.75
21-09-2018,1915.01001,299.100006,1166.089966,2929.669922
24-09-2018,1934.359985,299.679993,1173.369995,2919.370117
25-09-2018,1974.550049,300.98999,1184.650024,2915.560059
26-09-2018,1974.849976,309.579987,1180.48999,2905.969971
27-09-2018,2012.97998,307.519989,1194.640015,2914
28-09-2018,2003,264.769989,1193.469971,2913.97998
01-10-2018,2004.359985,310.700012,1195.310059,2924.590088
02-10-2018,1971.310059,301.019989,1200.109985,2923.429932
03-10-2018,1952.76001,294.799988,1202.949951,2925.51001
04-10-2018,1909.420044,281.829987,1168.189941,2901.610107
05-10-2018,1889.650024,261.950012,1157.349976,2885.570068
08-10-2018,1864.420044,250.559998,1148.969971,2884.429932
09-10-2018,1870.319946,262.799988,1138.819946,2880.340088
10-10-2018,1755.25,256.880005,1081.219971,2785.679932
11-10-2018,1719.359985,252.229996,1079.319946,2728.370117
12-10-2018,1788.609985,258.779999,1110.079956,2767.129883
15-10-2018,1760.949951,259.589996,1092.25,2750.790039
16-10-2018,1819.959961,276.589996,1121.280029,2809.919922
17-10-2018,1831.72998,271.779999,1115.689941,2809.209961
18-10-2018,1770.719971,263.910004,1087.969971,2768.780029
19-10-2018,1764.030029,260,1096.459961,2767.780029
22-10-2018,1789.300049,260.950012,1101.160034,2755.879883
23-10-2018,1768.699951,294.140015,1103.689941,2740.689941
24-10-2018,1664.199951,288.5,1050.709961,2656.100098
25-10-2018,1782.170044,314.859985,1095.569946,2705.570068
26-10-2018,1642.810059,330.899994,1071.469971,2658.689941
29-10-2018,1538.880005,334.850006,1020.080017,2641.25
30-10-2018,1530.420044,329.899994,1036.209961,2682.629883
31-10-2018,1598.01001,337.320007,1076.77002,2711.73999
01-11-2018,1665.530029,344.279999,1070,2740.370117
02-11-2018,1665.530029,346.410004,1057.790039,2723.060059
05-11-2018,1627.800049,341.399994,1040.089966,2738.310059
06-11-2018,1642.810059,341.059998,1055.810059,2755.449951
07-11-2018,1755.48999,348.160004,1093.390015,2813.889893
08-11-2018,1754.910034,351.399994,1082.400024,2806.830078
09-11-2018,1712.430054,350.51001,1066.150024,2781.01001
12-11-2018,1636.849976,331.279999,1038.630005,2726.219971
13-11-2018,1631.170044,338.730011,1036.050049,2722.179932
14-11-2018,1599.01001,344,1043.660034,2701.580078
15-11-2018,1619.439941,348.440002,1064.709961,2730.199951
16-11-2018,1593.410034,354.309998,1061.48999,2736.27002
19-11-2018,1512.290039,353.470001,1020,2690.72998
20-11-2018,1495.459961,347.48999,1025.76001,2641.889893
21-11-2018,1516.72998,338.190002,1037.609985,2649.929932
23-11-2018,1502.060059,325.829987,1023.880005,2632.560059
26-11-2018,1581.329956,346,1048.619995,2673.449951
27-11-2018,1581.420044,343.920013,1044.410034,2682.169922
28-11-2018,1677.75,347.869995,1086.22998,2743.790039
29-11-2018,1673.569946,341.170013,1088.300049,2737.800049
30-11-2018,1690.170044,350.480011,1094.430054,2760.169922
03-12-2018,1772.359985,358.48999,1106.430054,2790.370117
04-12-2018,1668.400024,359.700012,1050.819946,2700.060059
06-12-2018,1699.189941,363.059998,1068.72998,2695.949951
07-12-2018,1629.130005,357.970001,1036.579956,2633.080078
10-12-2018,1641.030029,365.149994,1039.550049,2637.719971
11-12-2018,1643.23999,366.76001,1051.75,2636.780029
12-12-2018,1663.540039,366.600006,1063.680054,2651.070068
13-12-2018,1658.380005,376.790009,1061.900024,2650.540039
14-12-2018,1591.910034,365.709991,1042.099976,2599.949951
17-12-2018,1520.910034,348.420013,1016.530029,2545.939941
18-12-2018,1551.47998,337.029999,1028.709961,2546.159912
19-12-2018,1495.079956,332.970001,1023.01001,2506.959961
20-12-2018,1460.829956,315.380005,1009.409973,2467.419922
21-12-2018,1377.449951,319.769989,979.539978,2416.620117
24-12-2018,1343.959961,295.390015,976.219971,2351.100098
26-12-2018,1470.900024,326.089996,1039.459961,2467.699951
27-12-2018,1461.640015,316.130005,1043.880005,2488.830078
28-12-2018,1478.02002,333.869995,1037.079956,2485.73999
31-12-2018,1501.969971,332.799988,1035.609985,2506.850098
02-01-2019,1539.130005,310.119995,1045.849976,2510.030029
03-01-2019,1500.280029,300.359985,1016.059998,2447.889893
04-01-2019,1575.390015,317.690002,1070.709961,2531.939941
07-01-2019,1629.51001,334.959991,1068.390015,2549.689941
08-01-2019,1656.579956,335.350006,1076.280029,2574.409912
09-01-2019,1659.420044,338.529999,1074.660034,2584.959961
10-01-2019,1656.219971,344.970001,1070.329956,2596.639893
11-01-2019,1640.560059,347.26001,1057.189941,2596.26001
14-01-2019,1617.209961,334.399994,1044.689941,2582.610107
15-01-2019,1674.560059,344.429993,1077.150024,2610.300049
16-01-2019,1683.780029,346.049988,1080.969971,2616.100098
17-01-2019,1693.219971,347.309998,1089.900024,2635.959961
18-01-2019,1696.199951,302.26001,1098.26001,2670.709961
22-01-2019,1632.170044,298.920013,1070.52002,2632.899902
23-01-2019,1640.02002,287.589996,1075.569946,2638.699951
24-01-2019,1654.930054,291.51001,1073.900024,2642.330078
25-01-2019,1670.569946,297.040009,1090.98999,2664.76001
28-01-2019,1637.890015,296.380005,1070.079956,2643.850098
29-01-2019,1593.880005,297.459991,1060.619995,2640
30-01-2019,1670.430054,308.769989,1089.060059,2681.050049
31-01-2019,1718.72998,307.019989,1116.369995,2704.100098
01-02-2019,1626.22998,312.209991,1110.75,2706.530029
04-02-2019,1633.310059,312.890015,1132.800049,2724.870117
05-02-2019,1658.810059,321.350006,1145.98999,2737.699951
06-02-2019,1640.26001,317.220001,1115.22998,2731.610107
07-02-2019,1614.369995,307.51001,1098.709961,2706.050049
08-02-2019,1588.219971,305.799988,1095.060059,2707.879883
11-02-2019,1591,312.839996,1095.01001,2709.800049
12-02-2019,1638.01001,311.809998,1121.369995,2744.72998
13-02-2019,1640,308.170013,1120.160034,2753.030029
14-02-2019,1622.650024,303.769989,1121.670044,2745.72998
15-02-2019,1607.949951,307.880005,1113.650024,2775.600098
19-02-2019,1627.579956,305.640015,1118.560059,2779.76001
20-02-2019,1622.099976,302.559998,1113.800049,2784.699951
21-02-2019,1619.439941,291.230011,1096.969971,2774.879883
22-02-2019,1631.560059,294.709991,1110.369995,2792.669922
25-02-2019,1633,298.769989,1109.400024,2796.110107
26-02-2019,1636.400024,297.859985,1115.130005,2793.899902
27-02-2019,1641.089966,314.73999,1116.050049,2792.379883
28-02-2019,1639.829956,319.880005,1119.920044,2784.48999
01-03-2019,1671.72998,294.790009,1140.98999,2803.689941
04-03-2019,1696.170044,285.359985,1147.800049,2792.810059
05-03-2019,1692.430054,276.540009,1162.030029,2789.649902
06-03-2019,1668.949951,276.23999,1157.859985,2771.449951
07-03-2019,1625.949951,276.589996,1143.300049,2748.929932
08-03-2019,1620.800049,284.140015,1142.319946,2743.070068
11-03-2019,1670.619995,290.920013,1175.76001,2783.300049
12-03-2019,1673.099976,283.359985,1193.199951,2791.52002
13-03-2019,1690.810059,288.959991,1193.319946,2810.919922
14-03-2019,1686.219971,289.959991,1185.550049,2808.47998
15-03-2019,1712.359985,275.429993,1184.459961,2822.47998
18-03-2019,1742.150024,269.48999,1184.26001,2832.939941
19-03-2019,1761.849976,267.470001,1198.849976,2832.570068
20-03-2019,1797.27002,273.600006,1223.969971,2824.22998
21-03-2019,1819.26001,274.019989,1231.540039,2854.879883
22-03-2019,1764.77002,264.529999,1205.5,2800.709961
25-03-2019,1774.26001,260.420013,1193,2798.360107
26-03-2019,1783.76001,267.769989,1184.619995,2818.459961
27-03-2019,1765.699951,274.829987,1173.02002,2805.370117
28-03-2019,1773.420044,278.619995,1168.48999,2815.439941
29-03-2019,1780.75,279.859985,1173.310059,2834.399902
01-04-2019,1814.189941,289.179993,1194.430054,2867.189941
02-04-2019,1813.97998,285.880005,1200.48999,2867.23999
03-04-2019,1820.699951,291.809998,1205.920044,2873.399902
04-04-2019,1818.859985,267.779999,1215,2879.389893
05-04-2019,1837.280029,274.959991,1207.150024,2892.73999
08-04-2019,1849.859985,273.200012,1203.839966,2895.77002
09-04-2019,1835.839966,272.309998,1197.25,2878.199951
10-04-2019,1847.329956,276.059998,1202.160034,2888.209961
11-04-2019,1844.069946,268.420013,1204.619995,2888.320068
12-04-2019,1843.060059,267.700012,1217.869995,2907.409912
15-04-2019,1844.869995,266.380005,1221.099976,2905.580078
16-04-2019,1863.040039,273.359985,1227.130005,2907.060059
17-04-2019,1864.819946,271.230011,1236.339966,2900.449951
18-04-2019,1861.689941,273.26001,1236.369995,2905.030029
22-04-2019,1887.310059,262.75,1248.839966,2907.969971
23-04-2019,1923.77002,263.899994,1264.550049,2933.679932
24-04-2019,1901.75,258.660004,1256,2927.25
25-04-2019,1902.25,247.630005,1263.449951,2926.169922
26-04-2019,1950.630005,235.139999,1272.180054,2939.879883
29-04-2019,1938.430054,241.470001,1287.579956,2943.030029
30-04-2019,1926.52002,238.690002,1188.47998,2945.830078
01-05-2019,1911.52002,234.009995,1168.079956,2923.72998
02-05-2019,1900.819946,244.100006,1162.609985,2917.52002
03-05-2019,1962.459961,255.029999,1185.400024,2945.639893
06-05-2019,1950.550049,255.339996,1189.390015,2932.469971
07-05-2019,1921,247.059998,1174.099976,2884.050049
08-05-2019,1917.77002,244.839996,1166.27002,2879.419922
09-05-2019,1899.869995,241.979996,1162.380005,2870.719971
10-05-2019,1889.97998,239.520004,1164.27002,2881.399902
13-05-2019,1822.680054,227.009995,1132.030029,2811.870117
14-05-2019,1840.119995,232.309998,1120.439941,2834.409912
15-05-2019,1871.150024,231.949997,1164.209961,2850.959961
16-05-2019,1907.569946,228.330002,1178.97998,2876.320068
17-05-2019,1869,211.029999,1162.300049,2859.530029
20-05-2019,1858.969971,205.360001,1138.849976,2840.22998
21-05-2019,1857.52002,205.080002,1149.630005,2864.360107
22-05-2019,1859.680054,192.729996,1151.420044,2856.27002
23-05-2019,1815.47998,195.490005,1140.77002,2822.23999
24-05-2019,1823.280029,190.630005,1133.469971,2826.060059
28-05-2019,1836.430054,188.699997,1134.150024,2802.389893
29-05-2019,1819.189941,189.860001,1116.459961,2783.02002
30-05-2019,1816.319946,188.220001,1117.949951,2788.860107
31-05-2019,1775.069946,185.160004,1103.630005,2752.060059
03-06-2019,1692.689941,178.970001,1036.22998,2744.449951
04-06-2019,1729.560059,193.600006,1053.050049,2803.27002
05-06-2019,1738.5,196.589996,1042.219971,2826.149902
06-06-2019,1754.359985,205.949997,1044.339966,2843.48999
07-06-2019,1804.030029,204.5,1066.040039,2873.340088
10-06-2019,1860.630005,212.880005,1080.380005,2886.72998
11-06-2019,1863.699951,217.100006,1078.719971,2885.719971
12-06-2019,1855.319946,209.259995,1077.030029,2879.840088
13-06-2019,1870.300049,213.910004,1088.77002,2891.639893
14-06-2019,1869.670044,214.919998,1085.349976,2886.97998
17-06-2019,1886.030029,225.029999,1092.5,2889.669922
18-06-2019,1901.369995,224.740005,1103.599976,2917.75
19-06-2019,1908.790039,226.429993,1102.329956,2926.459961
20-06-2019,1918.189941,219.619995,1111.420044,2954.179932
21-06-2019,1911.300049,221.860001,1121.880005,2950.459961
24-06-2019,1913.900024,223.639999,1115.52002,2945.350098
25-06-2019,1878.27002,219.759995,1086.349976,2917.379883
26-06-2019,1897.829956,219.270004,1079.800049,2913.780029
27-06-2019,1904.280029,222.839996,1076.01001,2924.919922
28-06-2019,1893.630005,223.460007,1080.910034,2941.76001
01-07-2019,1922.189941,227.169998,1097.949951,2964.330078
02-07-2019,1934.310059,224.550003,1111.25,2973.01001
03-07-2019,1939,234.899994,1121.579956,2995.820068
05-07-2019,1942.910034,233.100006,1131.589966,2990.409912
08-07-2019,1952.319946,230.339996,1116.349976,2975.949951
09-07-2019,1988.300049,230.059998,1124.829956,2979.629883
10-07-2019,2017.410034,238.919998,1140.47998,2993.070068
11-07-2019,2001.069946,238.600006,1144.209961,2999.909912
12-07-2019,2011,245.080002,1144.900024,3013.77002
15-07-2019,2020.98999,253.5,1150.339966,3014.300049
16-07-2019,2009.900024,252.380005,1153.579956,3004.040039
17-07-2019,1992.030029,254.860001,1146.349976,2984.419922
18-07-2019,1977.900024,253.539993,1146.329956,2995.110107
19-07-2019,1964.52002,258.179993,1130.099976,2976.610107
22-07-2019,1985.630005,255.679993,1138.069946,2985.030029
23-07-2019,1994.48999,260.170013,1146.209961,3005.469971
24-07-2019,2000.810059,264.880005,1137.810059,3019.560059
25-07-2019,1973.819946,228.820007,1132.119995,3003.669922
26-07-2019,1943.050049,228.039993,1250.410034,3025.860107
29-07-2019,1912.449951,235.770004,1239.410034,3020.969971
30-07-2019,1898.530029,242.259995,1225.140015,3013.179932
31-07-2019,1866.780029,241.610001,1216.680054,2980.379883
01-08-2019,1855.319946,233.850006,1209.01001,2953.560059
02-08-2019,1823.23999,234.339996,1193.98999,2932.050049
05-08-2019,1765.130005,228.320007,1152.319946,2844.73999
06-08-2019,1787.829956,230.75,1169.949951,2881.77002
07-08-2019,1793.400024,233.419998,1173.98999,2883.97998
08-08-2019,1832.890015,238.300003,1204.800049,2938.090088
09-08-2019,1807.579956,235.009995,1188.01001,2918.649902
12-08-2019,1784.920044,229.009995,1174.709961,2882.699951
13-08-2019,1824.339966,235,1197.27002,2926.320068
14-08-2019,1762.959961,219.619995,1164.290039,2840.600098
15-08-2019,1776.119995,215.639999,1167.26001,2847.600098
16-08-2019,1792.569946,219.940002,1177.599976,2888.679932
19-08-2019,1816.119995,226.830002,1198.449951,2923.649902
20-08-2019,1801.380005,225.860001,1182.689941,2900.51001
21-08-2019,1823.540039,220.830002,1191.25,2924.429932
22-08-2019,1804.660034,222.149994,1189.530029,2922.949951
23-08-2019,1749.619995,211.399994,1151.290039,2847.110107
26-08-2019,1768.869995,215,1168.890015,2878.379883
27-08-2019,1761.829956,214.080002,1167.839966,2869.159912
28-08-2019,1764.25,215.589996,1171.02002,2887.939941
29-08-2019,1786.400024,221.710007,1192.849976,2924.580078
30-08-2019,1776.290039,225.610001,1188.099976,2926.459961
03-09-2019,1789.839966,225.009995,1168.390015,2906.27002
04-09-2019,1800.619995,220.679993,1181.410034,2937.780029
05-09-2019,1840.719971,229.580002,1211.380005,2976
06-09-2019,1833.51001,227.449997,1204.930054,2978.709961
09-09-2019,1831.349976,231.789993,1204.410034,2978.429932
10-09-2019,1820.550049,235.539993,1206,2979.389893
11-09-2019,1822.98999,247.100006,1220.170044,3000.929932
12-09-2019,1843.550049,245.869995,1234.25,3009.570068
13-09-2019,1839.339966,245.199997,1239.560059,3007.389893
16-09-2019,1807.839966,242.809998,1231.300049,2997.959961
17-09-2019,1822.550049,244.789993,1229.150024,3005.699951
18-09-2019,1817.459961,243.490005,1232.410034,3006.72998
19-09-2019,1821.5,246.600006,1238.709961,3006.790039
20-09-2019,1794.160034,240.619995,1229.930054,2992.070068
23-09-2019,1785.300049,241.229996,1234.030029,2991.780029
24-09-2019,1741.609985,223.210007,1218.76001,2966.600098
25-09-2019,1768.329956,228.699997,1246.52002,2984.870117
26-09-2019,1739.839966,242.559998,1241.390015,2977.620117
27-09-2019,1725.449951,242.130005,1225.089966,2961.790039
30-09-2019,1735.910034,240.869995,1219,2976.73999
01-10-2019,1735.650024,244.690002,1205.099976,2940.25
02-10-2019,1713.22998,243.130005,1176.630005,2887.610107
03-10-2019,1724.420044,233.029999,1187.829956,2910.629883
04-10-2019,1739.650024,231.429993,1209,2952.01001
07-10-2019,1732.660034,237.720001,1207.680054,2938.790039
08-10-2019,1705.51001,240.050003,1189.130005,2893.060059
09-10-2019,1721.98999,244.529999,1202.310059,2919.399902
10-10-2019,1720.26001,244.740005,1208.670044,2938.129883
11-10-2019,1731.920044,247.889999,1215.449951,2970.27002
14-10-2019,1736.430054,256.959991,1217.140015,2966.149902
15-10-2019,1767.380005,257.890015,1243.01001,2995.679932
16-10-2019,1777.430054,259.75,1243.640015,2989.689941
17-10-2019,1787.47998,261.970001,1253.069946,2997.949951
18-10-2019,1757.51001,256.950012,1245.48999,2986.199951
21-10-2019,1785.660034,253.5,1246.150024,3006.719971
22-10-2019,1765.72998,255.580002,1242.800049,2995.98999
23-10-2019,1762.170044,254.679993,1259.130005,3004.52002
24-10-2019,1780.780029,299.679993,1260.98999,3010.290039
25-10-2019,1761.329956,328.130005,1265.130005,3022.550049
28-10-2019,1777.079956,327.709991,1290,3039.419922
29-10-2019,1762.709961,316.220001,1262.619995,3036.889893
30-10-2019,1779.98999,315.01001,1261.290039,3046.77002
31-10-2019,1776.660034,314.920013,1260.109985,3037.560059
01-11-2019,1791.439941,313.309998,1273.73999,3066.909912
04-11-2019,1804.660034,317.470001,1291.369995,3078.27002
05-11-2019,1801.709961,317.220001,1292.030029,3074.620117
06-11-2019,1795.77002,326.579987,1291.800049,3076.780029
07-11-2019,1788.199951,335.540009,1308.859985,3085.179932
08-11-2019,1785.880005,337.140015,1311.369995,3093.080078
11-11-2019,1771.650024,345.089996,1299.189941,3087.01001
12-11-2019,1778,349.929993,1298.800049,3091.840088
13-11-2019,1753.109985,346.109985,1298,3094.040039
14-11-2019,1754.599976,349.350006,1311.459961,3096.629883
15-11-2019,1739.48999,352.170013,1334.869995,3120.459961
18-11-2019,1752.530029,349.98999,1320.699951,3122.030029
19-11-2019,1752.790039,359.519989,1315.459961,3120.179932
20-11-2019,1745.530029,352.220001,1303.050049,3108.459961
21-11-2019,1734.709961,354.829987,1301.349976,3103.540039
22-11-2019,1745.719971,333.040009,1295.339966,3110.290039
25-11-2019,1773.839966,336.339996,1306.689941,3133.639893
26-11-2019,1796.939941,328.920013,1313.550049,3140.52002
27-11-2019,1818.51001,331.290009,1312.98999,3153.629883
29-11-2019,1800.800049,329.940002,1304.959961,3140.97998
02-12-2019,1781.599976,334.869995,1289.920044,3113.870117
03-12-2019,1769.959961,336.200012,1295.280029,3093.199951
04-12-2019,1760.689941,333.029999,1320.540039,3112.76001
05-12-2019,1740.47998,330.369995,1328.130005,3117.429932
06-12-2019,1751.599976,335.890015,1340.619995,3145.909912
09-12-2019,1749.51001,339.529999,1343.560059,3135.959961
10-12-2019,1739.209961,348.839996,1344.660034,3132.52002
11-12-2019,1748.719971,352.700012,1345.02002,3141.629883
12-12-2019,1760.329956,359.679993,1350.27002,3168.570068
13-12-2019,1760.939941,358.390015,1347.829956,3168.800049
16-12-2019,1769.209961,381.5,1361.170044,3191.449951
17-12-2019,1790.660034,378.98999,1355.119995,3192.52002
18-12-2019,1784.030029,393.149994,1352.619995,3191.139893
19-12-2019,1792.280029,404.040009,1356.040039,3205.370117
20-12-2019,1786.5,405.589996,1349.589966,3221.219971
23-12-2019,1793,419.220001,1348.839966,3224.01001
24-12-2019,1789.209961,425.25,1343.560059,3223.379883
26-12-2019,1868.77002,430.940002,1360.400024,3239.909912
27-12-2019,1869.800049,430.380005,1351.890015,3240.02002
30-12-2019,1846.890015,414.700012,1336.140015,3221.290039
31-12-2019,1847.839966,418.329987,1337.02002,3230.780029
02-01-2020,1898.01001,430.26001,1367.369995,3257.850098
03-01-2020,1874.969971,443.01001,1360.660034,3234.850098
06-01-2020,1902.880005,451.540009,1394.209961,3246.280029
07-01-2020,1906.859985,469.059998,1393.339966,3237.179932
08-01-2020,1891.969971,492.140015,1404.319946,3253.050049
09-01-2020,1901.050049,481.339996,1419.829956,3274.699951
10-01-2020,1883.160034,478.149994,1429.72998,3265.350098
13-01-2020,1891.300049,524.859985,1439.22998,3288.129883
14-01-2020,1869.439941,537.919983,1430.880005,3283.149902
15-01-2020,1862.02002,518.5,1439.199951,3289.290039
16-01-2020,1877.939941,513.48999,1451.699951,3316.810059
17-01-2020,1864.719971,510.5,1480.390015,3329.620117
21-01-2020,1892,547.200012,1484.400024,3320.790039
22-01-2020,1887.459961,569.559998,1485.949951,3321.75
23-01-2020,1884.579956,572.200012,1486.650024,3325.540039
24-01-2020,1861.640015,564.820007,1466.709961,3295.469971
27-01-2020,1828.339966,558.02002,1433.900024,3243.629883
28-01-2020,1853.25,566.900024,1452.560059,3276.23999
29-01-2020,1858,580.98999,1458.630005,3273.399902
30-01-2020,1870.680054,640.809998,1455.839966,3283.659912
31-01-2020,2008.719971,650.570007,1434.22998,3225.52002
03-02-2020,2004.199951,780,1485.939941,3248.919922
04-02-2020,2049.669922,887.059998,1447.069946,3297.590088
05-02-2020,2039.869995,734.700012,1448.22998,3334.689941
06-02-2020,2050.22998,748.960022,1476.22998,3345.780029
07-02-2020,2079.280029,748.070007,1479.22998,3327.709961
10-02-2020,2133.909912,771.280029,1508.680054,3352.090088
11-02-2020,2150.800049,774.380005,1508.790039,3357.75
12-02-2020,2160,767.289978,1518.27002,3379.449951
13-02-2020,2149.870117,804,1514.660034,3373.939941
14-02-2020,2134.870117,800.030029,1520.73999,3380.159912
18-02-2020,2155.669922,858.400024,1519.670044,3370.290039
19-02-2020,2170.219971,917.419983,1526.689941,3386.149902
20-02-2020,2153.100098,899.409973,1518.150024,3373.22998
21-02-2020,2095.969971,901,1485.109985,3337.75
24-02-2020,2009.290039,833.789978,1421.589966,3225.889893
25-02-2020,1972.73999,799.909973,1388.449951,3128.209961
26-02-2020,1979.589966,778.799988,1393.180054,3116.389893
27-02-2020,1884.300049,679,1318.089966,2978.76001
28-02-2020,1883.75,667.98999,1339.329956,2954.219971
02-03-2020,1953.949951,743.619995,1389.109985,3090.22998
03-03-2020,1908.98999,745.51001,1341.390015,3003.370117
04-03-2020,1975.829956,749.5,1386.52002,3130.120117
05-03-2020,1924.030029,724.539978,1319.040039,3023.939941
06-03-2020,1901.089966,703.47998,1298.410034,2972.370117
09-03-2020,1800.609985,608,1215.560059,2746.560059
10-03-2020,1891.819946,645.330017,1280.390015,2882.22998
11-03-2020,1820.859985,634.22998,1215.410034,2741.379883
12-03-2020,1676.609985,560.549988,1114.910034,2480.639893
13-03-2020,1785,546.619995,1219.72998,2711.02002
16-03-2020,1689.150024,445.070007,1084.329956,2386.129883
17-03-2020,1807.839966,430.200012,1119.800049,2529.189941
18-03-2020,1830,361.220001,1096.800049,2398.100098
19-03-2020,1880.930054,427.640015,1115.290039,2409.389893
20-03-2020,1846.089966,427.529999,1072.319946,2304.919922
23-03-2020,1902.829956,434.290009,1056.619995,2237.399902
24-03-2020,1940.099976,505,1134.459961,2447.330078
25-03-2020,1885.839966,539.25,1102.48999,2475.560059
26-03-2020,1955.48999,528.159973,1161.75,2630.070068
27-03-2020,1900.099976,514.359985,1110.709961,2541.469971
30-03-2020,1963.949951,502.130005,1146.819946,2626.649902
31-03-2020,1949.719971,524,1162.810059,2584.590088
01-04-2020,1907.699951,481.559998,1105.619995,2470.5
02-04-2020,1918.829956,454.470001,1120.839966,2526.899902
03-04-2020,1906.589966,480.01001,1097.880005,2488.649902
06-04-2020,1997.589966,516.23999,1186.920044,2663.679932
07-04-2020,2011.599976,545.450012,1186.51001,2659.409912
08-04-2020,2043,548.840027,1210.280029,2749.97998
09-04-2020,2042.76001,573,1211.449951,2789.820068
13-04-2020,2168.870117,650.950012,1217.560059,2761.629883
14-04-2020,2283.320068,709.890015,1269.22998,2846.060059
15-04-2020,2307.679932,729.830017,1262.469971,2783.360107
16-04-2020,2408.189941,745.210022,1263.469971,2799.550049
17-04-2020,2375,753.890015,1283.25,2874.560059
20-04-2020,2393.610107,746.359985,1266.609985,2823.159912
21-04-2020,2328.120117,686.719971,1216.339966,2736.560059
22-04-2020,2363.48999,732.109985,1263.209961,2799.310059
23-04-2020,2399.449951,705.630005,1276.310059,2797.800049
24-04-2020,2410.219971,725.150024,1279.310059,2836.73999
27-04-2020,2376,798.75,1275.880005,2878.47998
28-04-2020,2314.080078,769.119995,1233.670044,2863.389893
29-04-2020,2372.709961,800.51001,1341.47998,2939.51001
30-04-2020,2474,781.880005,1348.660034,2912.429932
01-05-2020,2286.040039,701.320007,1320.609985,2830.709961
04-05-2020,2315.98999,761.190002,1326.800049,2842.73999
05-05-2020,2317.800049,768.210022,1351.109985,2868.439941
06-05-2020,2351.26001,782.580017,1347.300049,2848.419922
07-05-2020,2367.610107,780.039978,1372.560059,2881.189941
08-05-2020,2379.610107,819.419983,1388.369995,2929.800049
11-05-2020,2409,811.289978,1403.26001,2930.189941
12-05-2020,2356.949951,809.409973,1375.73999,2870.120117
13-05-2020,2367.919922,790.960022,1349.329956,2820
14-05-2020,2388.850098,803.330017,1356.130005,2852.5
15-05-2020,2409.780029,799.169983,1373.189941,2863.699951
18-05-2020,2426.26001,813.630005,1383.939941,2953.909912
19-05-2020,2449.330078,808.01001,1373.484985,2922.939941
20-05-2020,2497.939941,815.559998,1406.719971,2971.610107
21-05-2020,2446.73999,827.599976,1402.800049,2948.51001
22-05-2020,2436.879883,816.880005,1410.420044,2955.449951
26-05-2020,2421.860107,818.869995,1417.02002,2991.77002
27-05-2020,2410.389893,820.22998,1417.839966,3036.129883
28-05-2020,2401.100098,805.809998,1416.72998,3029.72998
29-05-2020,2442.370117,835,1428.920044,3044.310059
01-06-2020,2471.040039,898.099976,1431.819946,3055.72998
02-06-2020,2472.409912,881.559998,1439.219971,3080.820068
03-06-2020,2478.399902,882.960022,1436.380005,3122.870117
04-06-2020,2460.600098,864.380005,1412.180054,3112.350098
05-06-2020,2483,885.659973,1438.390015,3193.929932
08-06-2020,2524.060059,949.919983,1446.609985,3232.389893
09-06-2020,2600.860107,940.669983,1456.160034,3207.179932
10-06-2020,2647.449951,1025.050049,1465.849976,3190.139893
11-06-2020,2557.959961,972.840027,1403.839966,3002.100098
12-06-2020,2545.02002,935.280029,1413.180054,3041.310059
15-06-2020,2572.679932,990.900024,1419.849976,3066.590088
16-06-2020,2615.27002,982.130005,1442.719971,3124.73999
17-06-2020,2640.97998,991.789978,1451.119995,3113.48999
18-06-2020,2653.97998,1003.960022,1435.959961,3115.340088
19-06-2020,2675.01001,1000.900024,1431.719971,3097.73999
22-06-2020,2713.820068,994.320007,1451.859985,3117.860107
23-06-2020,2764.409912,1001.780029,1464.410034,3131.290039
24-06-2020,2734.399902,960.849976,1431.969971,3050.330078
25-06-2020,2754.580078,985.97998,1441.329956,3083.76001
26-06-2020,2692.870117,959.73999,1359.900024,3009.050049
29-06-2020,2680.379883,1009.349976,1394.969971,3053.23999
30-06-2020,2758.820068,1079.810059,1413.609985,3100.290039
01-07-2020,2878.699951,1119.630005,1438.040039,3115.860107
02-07-2020,2890.300049,1208.660034,1464.699951,3130.01001
06-07-2020,3057.040039,1371.579956,1495.699951,3179.719971
07-07-2020,3000.120117,1389.859985,1485.180054,3145.320068
08-07-2020,3081.110107,1365.880005,1496,3169.939941
09-07-2020,3182.629883,1394.280029,1510.98999,3152.050049
10-07-2020,3200,1544.650024,1541.73999,3185.040039
13-07-2020,3104,1497.060059,1511.339966,3155.219971
14-07-2020,3084,1516.800049,1520.579956,3197.52002
15-07-2020,3008.870117,1546.01001,1513.640015,3226.560059
16-07-2020,2999.899902,1500.640015,1518,3215.570068
17-07-2020,2961.969971,1500.839966,1515.550049,3224.72998
20-07-2020,3196.840088,1643,1565.719971,3251.840088
21-07-2020,3138.290039,1568.359985,1558.420044,3257.300049
22-07-2020,3099.909912,1592.329956,1568.48999,3276.02002
23-07-2020,2986.550049,1513.069946,1515.680054,3235.659912
24-07-2020,3008.909912,1417,1511.869995,3215.629883
27-07-2020,3055.209961,1539.599976,1530.199951,3239.409912
28-07-2020,3000.330078,1476.48999,1500.339966,3218.439941
29-07-2020,3033.530029,1499.109985,1522.02002,3258.439941
30-07-2020,3051.879883,1487.48999,1531.449951,3246.219971
31-07-2020,3164.679932,1430.76001,1482.959961,3271.120117
03-08-2020,3111.889893,1485,1474.449951,3294.610107
04-08-2020,3138.830078,1487,1464.969971,3306.51001
05-08-2020,3205.030029,1485.02002,1473.609985,3327.77002
06-08-2020,3225,1489.579956,1500.099976,3349.159912
07-08-2020,3167.459961,1452.709961,1494.48999,3351.280029
10-08-2020,3148.159912,1418.569946,1496.099976,3360.469971
11-08-2020,3080.669922,1374.390015,1480.319946,3333.689941
